Prompt,Tokens Used,Response
What country should I visit and why?,258,"That depends on your interests. 

1. Italy: If you love history, art, and food, Italy is a great choice. You can visit Rome's ancient ruins, see Renaissance art in Florence, or take a gondola ride in Venice. 

2. Japan: If you're interested in a mix of traditional and modern culture, Japan offers ancient temples, beautiful cherry blossoms, and bustling cities like Tokyo. 

3. Australia: If you love outdoor adventures, Australia has a lot to offer. You can explore the Great Barrier Reef, visit the Outback, or enjoy the beautiful beaches. 

4. France: If you're a foodie or a lover of art and history, France is a must-visit. Paris, the French Riviera, and the wine regions are some of the highlights. 

5. Costa Rica: If you're a nature lover, Costa Rica is a paradise of biodiversity with its rainforests, volcanoes, and beaches. 

6. India: If you're into spirituality, diverse cultures, and unique food, India is a great choice. 

Remember, every country has something unique to offer. It's all about what interests you the most."
Explain quantum mechanics in simple terms.,228,"Quantum mechanics is a branch of physics that explores how the universe works at the smallest scales, such as molecules, atoms, and even smaller particles like photons and electrons. It's different from classical physics because at these tiny scales, many of the rules that we take for granted in our everyday world don't apply.

One of the key principles of quantum mechanics is the idea of 'superposition', which means that a particle can be in multiple places at the same time until it is observed or measured. Another principle is 'entanglement', where two particles can become linked and instantly affect each other no matter how far apart they are.

Quantum mechanics also introduces the concept of 'wave-particle duality', which suggests that all particles also have properties of waves. This means that particles can behave like waves, and waves can behave like particles.

These concepts are very abstract and can be hard to understand because they don't align with our everyday experiences. But they have been proven in numerous experiments and are fundamental to our most advanced theories of how the universe works."
Summarize the plot of 'The Lord of the Rings'.,430,"""The Lord of the Rings"" is a high-fantasy novel series written by J.R.R. Tolkien. The story begins in the peaceful Shire, home to the hobbits, where Frodo Baggins inherits a mysterious ring from his uncle Bilbo. Gandalf, a wizard and friend, discovers that this ring is the One Ring, created by the Dark Lord Sauron to control all other Rings of Power and dominate Middle-earth. 

Frodo, along with his friends Sam, Merry, and Pippin, embarks on a dangerous journey to destroy the ring in the fires of Mount Doom, where it was forged. Along the way, they are joined by Gandalf, Aragorn, Boromir, Legolas, and Gimli, forming the Fellowship of the Ring. 

The Fellowship faces numerous challenges, including the treacherous Gollum, who is also after the ring, the corrupted wizard Saruman, and the terrifying Ringwraiths. The group eventually splits up due to various circumstances, leading to parallel storylines.

Aragorn, the rightful heir to the throne of Gondor, rallies the forces of good for the final battle against Sauron's armies. Meanwhile, Frodo and Sam, guided by Gollum, continue their perilous journey to Mount Doom. 

In the climax, Frodo succumbs to the ring's power, but Gollum, in his obsession with the ring, bites Frodo's finger off to reclaim it, and in his joy, falls into the fiery chasm of Mount Doom, destroying himself and the ring. 

With the ring's destruction, Sauron's power is vanquished. Aragorn is crowned king, restoring peace and prosperity to Middle-earth. The hobbits return to the Shire, but Frodo, unable to adjust to normal life after his journey, leaves Middle-earth with Gandalf and the elves, while Sam, Merry, and Pippin remain and live out their days in peace."
Describe the process of photosynthesis.,347,"Photosynthesis is the process by which green plants, algae, and some bacteria convert sunlight into chemical energy in the form of glucose or other sugars. This process is crucial for life on Earth as it provides the oxygen we breathe and the food we eat.

The process of photosynthesis takes place in two main stages: the light-dependent reactions and the light-independent reactions (also known as the Calvin cycle).

1. Light-dependent reactions: These reactions occur in the thylakoid membranes of the chloroplasts in plant cells. When sunlight strikes the chlorophyll molecules, they get excited and lose electrons, which are then captured by the primary electron acceptor. This process triggers a series of reactions that generate ATP (adenosine triphosphate) and NADPH (nicotinamide adenine dinucleotide phosphate), which are energy-rich compounds.

2. Calvin Cycle (Light-independent reactions): These reactions occur in the stroma of the chloroplasts. The ATP and NADPH produced in the light-dependent reactions are used here to convert carbon dioxide into glucose. This process involves a cycle of chemical reactions called the Calvin cycle. 

In summary, photosynthesis uses sunlight to convert water and carbon dioxide into glucose, which provides energy for the plant, and oxygen, which is released into the atmosphere. The general equation for photosynthesis is:

6CO2 + 6H2O + light energy = C6H12O6 + 6O2

This means that six molecules of carbon dioxide (from the air) and six molecules of water (from the ground) are used to produce one molecule of glucose and six molecules of oxygen."
How does artificial intelligence impact the job market?,315,"Artificial Intelligence (AI) has a significant impact on the job market in several ways:

1. Job Automation: AI can automate repetitive tasks, reducing the need for human intervention. This could lead to job losses in sectors like manufacturing, customer service, and data entry.

2. Creation of New Jobs: While AI may replace certain jobs, it also creates new ones. These include jobs in AI development, programming, data analysis, and machine learning. 

3. Increased Efficiency: AI can increase efficiency and productivity in many industries, potentially leading to business growth and more job opportunities.

4. Skill Demand Shift: As AI becomes more prevalent, there's an increased demand for workers with skills in AI and related fields. This could lead to a shift in the job market towards more tech-oriented roles.

5. Impact on Decision Making: AI can provide valuable insights and data analysis, which can influence decision-making processes in various sectors, potentially leading to more strategic roles.

6. Remote Work: AI technologies like virtual assistants and communication tools can facilitate remote work, potentially leading to more flexible job opportunities.

7. Job Transformation: AI can change the nature of some jobs. For example, in healthcare, AI can handle data analysis, allowing doctors to focus more on patient care.

In summary, while AI may pose a threat to certain jobs, it also presents opportunities for new roles and increased efficiency in many sectors. The key is to adapt and acquire the necessary skills to thrive in this changing job market."
